"Tanggal","Terakhir","Pembukaan","Tertinggi","Terendah","Vol.","Perubahan%"
"23/07/2024","3.160","3.140","3.160","3.100","74,34M","1,94%"
"22/07/2024","3.100","3.180","3.210","3.090","139,38M","-1,27%"
"19/07/2024","3.140","3.200","3.210","3.120","138,12M","-2,18%"
"18/07/2024","3.210","3.260","3.280","3.190","98,90M","-1,23%"
"17/07/2024","3.250","3.190","3.270","3.160","167,15M","4,84%"
"16/07/2024","3.100","3.180","3.180","3.090","78,77M","-1,90%"
"15/07/2024","3.160","3.220","3.220","3.130","100,92M","-1,86%"
"12/07/2024","3.220","3.230","3.270","3.210","135,83M","1,26%"
"11/07/2024","3.180","3.200","3.200","3.160","126,53M","0,63%"
"10/07/2024","3.160","3.090","3.180","3.090","120,01M","2,60%"
"09/07/2024","3.080","3.050","3.120","3.040","118,25M","0,00%"
"08/07/2024","3.080","3.040","3.090","3.000","125,00M","1,99%"
"05/07/2024","3.020","2.970","3.020","2.960","69,34M","2,03%"
"04/07/2024","2.960","3.000","3.050","2.960","93,10M","-2,31%"
"03/07/2024","3.030","3.040","3.050","3.020","51,98M","-0,33%"
"02/07/2024","3.040","3.070","3.090","3.030","79,02M","-1,62%"
"01/07/2024","3.090","3.130","3.130","3.080","134,08M","-1,28%"
"28/06/2024","3.130","3.030","3.140","3.030","213,54M","3,30%"
"27/06/2024","3.030","3.030","3.030","2.990","70,15M","1,00%"
"26/06/2024","3.000","2.990","3.020","2.980","73,99M","0,33%"
"25/06/2024","2.990","2.950","2.990","2.930","89,91M","1,36%"
"24/06/2024","2.950","2.930","2.980","2.910","111,62M","0,00%"
"21/06/2024","2.950","2.850","2.960","2.840","185,01M","3,87%"
"20/06/2024","2.840","2.850","2.850","2.800","55,43M","0,35%"
"19/06/2024","2.830","2.780","2.850","2.760","128,84M","4,04%"
"14/06/2024","2.720","2.820","2.830","2.700","202,75M","-4,23%"
"13/06/2024","2.840","2.940","2.940","2.830","95,74M","-2,74%"
"12/06/2024","2.920","2.890","2.970","2.890","91,58M","1,39%"
"11/06/2024","2.880","2.960","2.980","2.880","172,69M","-4,32%"
"10/06/2024","3.010","3.050","3.050","2.980","66,98M","-1,31%"
"07/06/2024","3.050","3.050","3.090","3.050","67,19M","0,00%"
"06/06/2024","3.050","3.100","3.100","3.030","108,00M","-0,33%"
"05/06/2024","3.060","3.000","3.080","3.000","148,85M","2,00%"
"04/06/2024","3.000","2.980","3.060","2.940","130,20M","2,39%"
"03/06/2024","2.930","2.930","2.970","2.900","124,57M","1,03%"
"31/05/2024","2.900","2.840","2.920","2.810","411,32M","3,20%"
"30/05/2024","2.810","2.810","2.870","2.720","253,47M","0,00%"
"29/05/2024","2.810","2.850","2.860","2.810","148,95M","-1,75%"
"28/05/2024","2.860","2.810","2.880","2.810","113,09M","1,78%"
"27/05/2024","2.810","2.900","2.920","2.780","246,98M","-4,42%"
"22/05/2024","2.940","2.980","2.980","2.910","145,11M","-0,34%"
"21/05/2024","2.950","2.990","3.000","2.920","139,65M","-1,34%"
"20/05/2024","2.990","2.950","3.000","2.950","215,88M","0,00%"
"17/05/2024","2.990","3.050","3.050","2.980","120,35M","-0,66%"
"16/05/2024","3.010","2.960","3.050","2.960","196,24M","-2,90%"
"15/05/2024","3.100","3.120","3.130","3.070","149,14M","-0,64%"
"14/05/2024","3.120","3.100","3.120","3.080","104,13M","0,97%"
"13/05/2024","3.090","3.070","3.100","3.040","133,05M","0,32%"
"08/05/2024","3.080","3.130","3.150","3.050","120,62M","-0,32%"
"07/05/2024","3.090","3.070","3.110","3.060","124,91M","1,31%"
"06/05/2024","3.050","3.180","3.200","3.040","221,33M","-3,48%"
"03/05/2024","3.160","3.180","3.180","3.120","128,04M","1,28%"
"02/05/2024","3.120","3.170","3.200","3.120","157,64M","-1,58%"
"30/04/2024","3.170","3.120","3.200","3.110","273,12M","2,92%"
"29/04/2024","3.080","3.030","3.090","3.010","172,77M","1,65%"
"26/04/2024","3.030","2.980","3.060","2.960","442,53M","-0,33%"
"25/04/2024","3.040","3.010","3.060","2.990","369,53M","0,00%"
"24/04/2024","3.040","3.100","3.110","3.040","327,33M","-1,94%"
"23/04/2024","3.100","3.180","3.190","3.080","312,62M","-2,21%"
"22/04/2024","3.170","3.150","3.200","3.130","140,97M","0,63%"
"19/04/2024","3.150","3.230","3.230","3.130","150,00M","-3,08%"
"18/04/2024","3.250","3.190","3.310","3.110","337,49M","1,56%"
"17/04/2024","3.200","3.220","3.240","3.200","187,88M","-0,62%"
"16/04/2024","3.220","3.260","3.280","3.150","490,66M","-6,12%"
"05/04/2024","3.430","3.440","3.450","3.420","116,05M","-0,58%"
"04/04/2024","3.450","3.410","3.460","3.410","207,49M","0,88%"
"03/04/2024","3.420","3.450","3.490","3.420","150,27M","-2,01%"
"02/04/2024","3.490","3.460","3.500","3.410","233,02M","-0,57%"
"01/04/2024","3.510","3.480","3.520","3.420","248,12M","1,15%"
"28/03/2024","3.470","3.470","3.520","3.430","258,99M","-0,57%"
"27/03/2024","3.490","3.610","3.630","3.490","496,20M","-3,59%"
"26/03/2024","3.620","3.630","3.680","3.610","354,09M","-2,95%"
"25/03/2024","3.730","3.880","3.890","3.700","313,39M","-4,36%"
"22/03/2024","3.900","3.900","3.920","3.890","78,92M","0,26%"
"21/03/2024","3.890","3.930","3.960","3.890","81,52M","-1,02%"
"20/03/2024","3.930","3.910","3.940","3.910","84,78M","-0,25%"
"19/03/2024","3.940","3.980","3.980","3.940","51,63M","0,51%"
"18/03/2024","3.920","3.960","3.970","3.920","57,51M","-1,26%"
"15/03/2024","3.970","4.000","4.000","3.900","184,89M","0,25%"
"14/03/2024","3.960","3.930","3.980","3.920","122,57M","1,54%"
"13/03/2024","3.900","3.910","3.910","3.890","106,19M","1,04%"
"08/03/2024","3.860","3.900","3.910","3.840","101,56M","-1,03%"
"07/03/2024","3.900","3.900","3.930","3.900","86,89M","0,00%"
"06/03/2024","3.900","3.870","3.920","3.860","83,25M","0,78%"
"05/03/2024","3.870","3.880","3.900","3.860","100,67M","-1,78%"
"04/03/2024","3.940","3.960","3.960","3.900","81,58M","0,51%"
"01/03/2024","3.920","3.950","3.990","3.860","139,58M","-2,00%"
"29/02/2024","4.000","4.020","4.040","3.950","157,44M","0,25%"
"28/02/2024","3.990","3.980","4.020","3.950","87,25M","0,00%"
"27/02/2024","3.990","4.050","4.060","3.990","119,64M","-2,44%"
"26/02/2024","4.090","4.060","4.100","4.050","75,62M","-0,24%"
"23/02/2024","4.100","4.070","4.100","4.040","87,67M","0,24%"
"22/02/2024","4.090","4.130","4.150","4.070","93,56M","-2,15%"
"21/02/2024","4.180","4.190","4.240","4.070","155,21M","-0,71%"
"20/02/2024","4.210","4.200","4.210","4.160","267,64M","1,20%"
"19/02/2024","4.160","4.130","4.170","4.130","82,87M","0,00%"
"16/02/2024","4.160","4.050","4.160","4.050","244,06M","3,23%"
"15/02/2024","4.030","4.040","4.080","3.980","129,35M","1,26%"
"13/02/2024","3.980","4.010","4.010","3.980","52,02M","-0,50%"
"12/02/2024","4.000","4.000","4.020","3.970","85,76M","0,50%"
"07/02/2024","3.980","4.010","4.020","3.980","53,29M","0,00%"
"06/02/2024","3.980","3.970","4.000","3.970","65,17M","0,00%"
"05/02/2024","3.980","4.010","4.010","3.970","57,79M","-0,25%"
"02/02/2024","3.990","4.030","4.030","3.930","96,18M","-1,24%"
"01/02/2024","4.040","3.970","4.050","3.970","105,95M","2,02%"
"31/01/2024","3.960","4.000","4.020","3.960","100,40M","-1,00%"
"30/01/2024","4.000","4.000","4.020","3.980","66,91M","-0,25%"
"29/01/2024","4.010","4.000","4.010","3.970","59,15M","0,75%"
"26/01/2024","3.980","3.940","3.990","3.930","65,27M","0,00%"
"25/01/2024","3.980","3.980","4.000","3.960","58,54M","0,25%"
"24/01/2024","3.970","3.950","3.980","3.930","38,73M","0,51%"
"23/01/2024","3.950","4.000","4.010","3.910","72,60M","-0,75%"
"22/01/2024","3.980","3.980","4.010","3.960","50,64M","1,02%"
"19/01/2024","3.940","3.950","3.960","3.890","67,02M","-0,25%"
"18/01/2024","3.950","3.990","4.010","3.930","73,03M","-1,00%"
"17/01/2024","3.990","4.000","4.010","3.970","62,73M","-0,50%"
"16/01/2024","4.010","4.020","4.030","3.980","44,78M","0,25%"
"15/01/2024","4.000","4.040","4.040","3.980","38,84M","-0,25%"
"12/01/2024","4.010","3.970","4.010","3.970","53,69M","0,50%"
"11/01/2024","3.990","4.040","4.040","3.990","48,92M","-0,25%"
"10/01/2024","4.000","4.000","4.030","3.980","99,08M","1,01%"
"09/01/2024","3.960","3.930","3.980","3.920","64,02M","1,80%"
"08/01/2024","3.890","3.890","3.920","3.860","61,06M","0,00%"
"05/01/2024","3.890","3.950","3.970","3.880","69,27M","-2,02%"
"04/01/2024","3.970","3.980","3.990","3.960","47,01M","0,25%"
"03/01/2024","3.960","3.990","3.990","3.950","22,02M","-0,75%"
"02/01/2024","3.990","3.950","3.990","3.940","23,77M","1,01%"
"29/12/2023","3.950","3.960","3.980","3.940","27,50M","-0,25%"
"28/12/2023","3.960","3.960","3.970","3.940","34,02M","0,51%"
"27/12/2023","3.940","3.990","4.000","3.920","81,79M","-0,51%"
"22/12/2023","3.960","3.980","3.980","3.950","28,22M","0,25%"
"21/12/2023","3.950","3.960","3.970","3.930","48,24M","-0,25%"
"20/12/2023","3.960","3.960","3.990","3.960","59,57M","-0,25%"
"19/12/2023","3.970","3.950","3.970","3.940","45,87M","0,00%"
"18/12/2023","3.970","3.940","3.970","3.930","60,94M","-0,25%"
"15/12/2023","3.980","3.940","3.980","3.900","109,06M","1,02%"
"14/12/2023","3.940","3.880","3.960","3.880","86,32M","0,51%"
"13/12/2023","3.920","3.870","3.920","3.870","54,39M","0,26%"
"12/12/2023","3.910","3.940","3.950","3.890","58,71M","-1,76%"
"11/12/2023","3.980","3.870","3.980","3.850","99,37M","1,02%"
"08/12/2023","3.940","3.940","3.940","3.900","61,48M","0,77%"
"07/12/2023","3.910","3.950","3.950","3.880","91,08M","-0,26%"
"06/12/2023","3.920","3.900","3.950","3.870","149,35M","1,82%"
"05/12/2023","3.850","3.830","3.850","3.800","74,61M","1,05%"
"04/12/2023","3.810","3.840","3.860","3.780","118,54M","-0,52%"
"01/12/2023","3.830","3.790","3.840","3.790","81,04M","1,86%"
"30/11/2023","3.760","3.750","3.820","3.740","258,52M","1,08%"
"29/11/2023","3.720","3.750","3.770","3.700","56,47M","-1,33%"
"28/11/2023","3.770","3.680","3.800","3.680","106,83M","2,45%"
"27/11/2023","3.680","3.640","3.730","3.640","73,89M","1,66%"
"24/11/2023","3.620","3.600","3.620","3.570","46,92M","0,56%"
"23/11/2023","3.600","3.610","3.630","3.590","57,39M","-0,28%"
"22/11/2023","3.610","3.610","3.630","3.590","34,56M","-0,28%"
"21/11/2023","3.620","3.590","3.620","3.580","68,26M","0,84%"
"20/11/2023","3.590","3.560","3.600","3.540","49,53M","1,13%"
"17/11/2023","3.550","3.530","3.550","3.480","55,59M","0,28%"
"16/11/2023","3.540","3.550","3.550","3.510","68,99M","-0,28%"
"15/11/2023","3.550","3.520","3.570","3.520","114,10M","1,43%"
"14/11/2023","3.500","3.500","3.540","3.500","45,99M","-0,57%"
"13/11/2023","3.520","3.570","3.570","3.510","47,73M","-0,85%"
"10/11/2023","3.550","3.520","3.550","3.490","48,62M","0,57%"
"09/11/2023","3.530","3.500","3.570","3.500","96,59M","0,28%"
"08/11/2023","3.520","3.520","3.540","3.500","104,10M","-1,40%"
"07/11/2023","3.570","3.600","3.610","3.550","103,64M","-2,19%"
"06/11/2023","3.650","3.610","3.650","3.600","66,90M","2,24%"
"03/11/2023","3.570","3.590","3.630","3.540","85,15M","-1,38%"
"02/11/2023","3.620","3.690","3.690","3.620","69,58M","0,00%"
"01/11/2023","3.620","3.600","3.700","3.600","154,44M","3,72%"
"31/10/2023","3.490","3.400","3.510","3.400","66,80M","2,05%"
"30/10/2023","3.420","3.500","3.500","3.390","82,95M","-2,29%"
"27/10/2023","3.500","3.480","3.530","3.440","99,61M","0,57%"
"26/10/2023","3.480","3.600","3.610","3.460","141,14M","-3,33%"
"25/10/2023","3.600","3.650","3.680","3.580","89,57M","-1,37%"
"24/10/2023","3.650","3.640","3.670","3.600","67,04M","1,11%"
"23/10/2023","3.610","3.710","3.720","3.610","69,43M","-2,43%"
"20/10/2023","3.700","3.720","3.730","3.690","55,92M","-0,80%"
"19/10/2023","3.730","3.730","3.760","3.720","62,30M","-0,53%"
"18/10/2023","3.750","3.770","3.780","3.730","76,61M","-1,06%"
"17/10/2023","3.790","3.780","3.810","3.770","57,05M","0,80%"
"16/10/2023","3.760","3.850","3.850","3.740","131,16M","-2,34%"
"13/10/2023","3.850","3.820","3.850","3.810","48,86M","0,52%"
"12/10/2023","3.830","3.820","3.870","3.800","101,65M","1,32%"
"11/10/2023","3.780","3.780","3.810","3.780","83,15M","-0,79%"
"10/10/2023","3.810","3.780","3.820","3.770","58,73M","1,33%"
"09/10/2023","3.760","3.770","3.780","3.750","37,71M","-0,53%"
"06/10/2023","3.780","3.780","3.800","3.770","60,16M","1,61%"
"05/10/2023","3.720","3.790","3.800","3.720","81,26M","-1,59%"
"04/10/2023","3.780","3.800","3.800","3.740","77,53M","0,27%"
"03/10/2023","3.770","3.750","3.800","3.740","61,24M","0,53%"
"02/10/2023","3.750","3.750","3.780","3.730","71,95M","0,00%"
"29/09/2023","3.750","3.730","3.800","3.730","66,23M","0,81%"
"27/09/2023","3.720","3.750","3.780","3.720","83,34M","-1,06%"
"26/09/2023","3.760","3.770","3.800","3.750","74,73M","-0,27%"
"25/09/2023","3.770","3.810","3.840","3.770","126,99M","-2,33%"
"22/09/2023","3.860","3.830","3.880","3.810","101,19M","1,31%"
"21/09/2023","3.810","3.810","3.840","3.790","94,88M","0,00%"
"20/09/2023","3.810","3.740","3.850","3.740","171,75M","2,14%"
"19/09/2023","3.730","3.690","3.740","3.690","47,91M","1,36%"
"18/09/2023","3.680","3.700","3.720","3.680","40,65M","-1,08%"
"15/09/2023","3.720","3.680","3.780","3.670","147,76M","1,09%"
"14/09/2023","3.680","3.710","3.720","3.680","55,53M","-0,81%"
"13/09/2023","3.710","3.720","3.720","3.670","82,64M","0,00%"
"12/09/2023","3.710","3.700","3.740","3.700","72,17M","0,27%"
"11/09/2023","3.700","3.710","3.710","3.680","76,58M","0,27%"
"08/09/2023","3.690","3.770","3.770","3.670","143,09M","-1,86%"
"07/09/2023","3.760","3.780","3.790","3.730","63,05M","-0,79%"
"06/09/2023","3.790","3.750","3.810","3.740","98,67M","1,34%"
"05/09/2023","3.740","3.730","3.750","3.710","62,93M","0,27%"
"04/09/2023","3.730","3.720","3.750","3.710","55,88M","0,27%"
"01/09/2023","3.720","3.710","3.740","3.710","82,25M","-0,27%"
"31/08/2023","3.730","3.810","3.820","3.700","227,64M","-2,10%"
"30/08/2023","3.810","3.730","3.850","3.720","130,03M","2,42%"
"29/08/2023","3.720","3.700","3.720","3.700","53,45M","0,54%"
"28/08/2023","3.700","3.730","3.740","3.700","37,73M","-0,54%"
"25/08/2023","3.720","3.700","3.730","3.700","42,05M","0,00%"
"24/08/2023","3.720","3.730","3.770","3.720","82,79M","-0,53%"
"23/08/2023","3.740","3.750","3.770","3.730","84,84M","-0,27%"
"22/08/2023","3.750","3.740","3.780","3.730","98,06M","0,27%"
"21/08/2023","3.740","3.760","3.780","3.720","64,45M","-0,53%"
"18/08/2023","3.760","3.790","3.800","3.760","108,78M","-1,83%"
"16/08/2023","3.830","3.790","3.830","3.750","117,02M","0,26%"
"15/08/2023","3.820","3.800","3.830","3.800","80,02M","-0,26%"
"14/08/2023","3.830","3.810","3.830","3.760","86,87M","0,52%"
"11/08/2023","3.810","3.830","3.840","3.790","109,71M","0,26%"
"10/08/2023","3.800","3.800","3.830","3.800","142,78M","0,80%"
"09/08/2023","3.770","3.750","3.800","3.740","129,42M","1,07%"
"08/08/2023","3.730","3.680","3.760","3.680","147,41M","1,36%"
"07/08/2023","3.680","3.700","3.720","3.680","94,91M","-0,27%"
"04/08/2023","3.690","3.720","3.730","3.690","67,75M","-0,81%"
"03/08/2023","3.720","3.670","3.760","3.670","82,01M","0,81%"
"02/08/2023","3.690","3.740","3.740","3.680","121,33M","-1,60%"
"01/08/2023","3.750","3.700","3.780","3.700","97,68M","0,81%"
"31/07/2023","3.720","3.700","3.750","3.670","153,58M","0,00%"
"28/07/2023","3.720","3.710","3.750","3.690","181,63M","0,00%"
"27/07/2023","3.720","3.840","3.860","3.720","235,03M","-4,12%"
"26/07/2023","3.880","3.890","3.900","3.830","86,73M","0,00%"
"25/07/2023","3.880","3.920","3.920","3.880","66,43M","-0,51%"
"24/07/2023","3.900","3.880","3.930","3.870","80,71M","1,04%"
"21/07/2023","3.860","3.840","3.870","3.840","53,96M","0,26%"
"20/07/2023","3.850","3.820","3.860","3.810","88,91M","0,00%"
"18/07/2023","3.850","3.930","3.930","3.820","155,41M","-1,53%"
"17/07/2023","3.910","3.950","3.970","3.910","81,40M","-0,51%"
"14/07/2023","3.930","3.960","3.960","3.920","64,89M","0,26%"
"13/07/2023","3.920","3.960","3.970","3.910","83,01M","-1,51%"
"12/07/2023","3.980","3.980","4.010","3.970","73,77M","0,00%"
"11/07/2023","3.980","3.950","3.990","3.950","89,77M","0,76%"
"10/07/2023","3.950","3.960","3.980","3.940","65,64M","-0,25%"
"07/07/2023","3.960","3.960","3.980","3.950","50,47M","0,00%"
"06/07/2023","3.960","3.970","3.990","3.960","68,09M","-0,50%"
"05/07/2023","3.980","3.970","3.980","3.950","43,30M","0,25%"
"04/07/2023","3.970","4.000","4.010","3.970","33,97M","-0,75%"
"03/07/2023","4.000","4.030","4.030","3.970","75,19M","0,00%"
"27/06/2023","4.000","4.030","4.030","3.990","64,89M","0,25%"
"26/06/2023","3.990","3.940","3.990","3.940","36,01M","1,01%"
"23/06/2023","3.950","3.940","3.960","3.940","41,81M","0,25%"
"22/06/2023","3.940","3.980","3.990","3.940","56,15M","-1,01%"
"21/06/2023","3.980","3.970","3.980","3.950","60,23M","-0,25%"
"20/06/2023","3.990","3.980","3.990","3.950","55,16M","0,76%"
"19/06/2023","3.960","3.960","3.990","3.950","54,93M","-0,25%"
"16/06/2023","3.970","4.020","4.030","3.960","160,98M","-1,24%"
"15/06/2023","4.020","3.990","4.040","3.980","85,39M","0,50%"
"14/06/2023","4.000","4.020","4.040","3.990","110,73M","-0,74%"
"13/06/2023","4.030","4.040","4.060","4.030","69,61M","-0,49%"
"12/06/2023","4.050","4.040","4.050","4.010","94,69M","-2,41%"
"09/06/2023","4.150","4.170","4.170","4.140","83,31M","-0,48%"
"08/06/2023","4.170","4.160","4.180","4.120","78,99M","0,48%"
"07/06/2023","4.150","4.100","4.150","4.080","99,44M","1,47%"
"06/06/2023","4.090","4.090","4.130","4.050","95,90M","0,25%"
"05/06/2023","4.080","4.060","4.130","4.020","189,13M","0,99%"
"31/05/2023","4.040","4.120","4.160","4.040","609,34M","-1,94%"
"30/05/2023","4.120","4.140","4.190","4.120","97,11M","-1,90%"
"29/05/2023","4.200","4.120","4.200","4.090","77,54M","1,69%"
"26/05/2023","4.130","4.140","4.160","4.110","62,21M","0,24%"
"25/05/2023","4.120","4.190","4.220","4.120","106,18M","-0,96%"
"24/05/2023","4.160","4.020","4.200","4.020","177,55M","2,97%"
"23/05/2023","4.040","4.030","4.080","4.030","102,54M","0,00%"
"22/05/2023","4.040","4.000","4.080","3.980","115,69M","0,50%"
"19/05/2023","4.020","3.990","4.060","3.970","78,46M","0,75%"
"17/05/2023","3.990","3.980","4.020","3.960","83,28M","0,25%"
"16/05/2023","3.980","4.020","4.020","3.940","80,23M","0,00%"
"15/05/2023","3.980","3.990","3.990","3.930","113,33M","0,00%"
"12/05/2023","3.980","4.050","4.050","3.950","208,20M","-2,69%"
"11/05/2023","4.090","4.100","4.120","4.060","74,17M","-0,97%"
"10/05/2023","4.130","4.050","4.130","4.040","84,46M","1,47%"
"09/05/2023","4.070","4.050","4.090","4.030","106,38M","0,25%"
"08/05/2023","4.060","4.170","4.180","4.040","121,00M","-2,64%"
"05/05/2023","4.170","4.160","4.170","4.080","98,88M","0,48%"
"04/05/2023","4.150","4.170","4.190","4.140","82,59M","0,00%"
"03/05/2023","4.150","4.200","4.200","4.080","137,24M","-0,95%"
"02/05/2023","4.190","4.210","4.220","4.130","144,76M","-1,41%"
"28/04/2023","4.250","4.270","4.320","4.220","112,12M","-1,62%"
"27/04/2023","4.320","4.450","4.450","4.300","69,90M","-1,82%"
"26/04/2023","4.400","4.480","4.500","4.330","198,98M","3,04%"
"18/04/2023","4.270","4.240","4.280","4.230","65,65M","0,00%"
"17/04/2023","4.270","4.340","4.340","4.250","59,69M","-1,61%"
"14/04/2023","4.340","4.340","4.360","4.320","92,88M","0,00%"
"13/04/2023","4.340","4.340","4.350","4.290","149,29M","0,70%"
"12/04/2023","4.310","4.320","4.350","4.260","154,73M","0,23%"
"11/04/2023","4.300","4.290","4.300","4.250","84,32M","0,00%"
"10/04/2023","4.300","4.250","4.300","4.190","67,86M","1,18%"
"06/04/2023","4.250","4.200","4.270","4.170","131,33M","2,41%"
"05/04/2023","4.150","4.100","4.170","4.080","70,84M","2,22%"
"04/04/2023","4.060","4.080","4.100","4.040","65,91M","-0,49%"
"03/04/2023","4.080","4.100","4.100","4.070","48,05M","0,49%"
"31/03/2023","4.060","4.110","4.120","4.040","93,75M","-0,73%"
"30/03/2023","4.090","4.050","4.130","4.040","87,71M","-0,24%"
"29/03/2023","4.100","4.090","4.120","4.070","88,35M","1,23%"
"28/03/2023","4.050","4.100","4.100","4.030","72,49M","0,00%"
"27/03/2023","4.050","4.100","4.120","4.030","71,56M","-0,49%"
"24/03/2023","4.070","4.100","4.120","4.060","126,34M","-1,21%"
"21/03/2023","4.120","4.000","4.120","4.000","65,68M","3,26%"
"20/03/2023","3.990","4.050","4.050","3.940","106,23M","-1,48%"
"17/03/2023","4.050","4.090","4.100","4.030","153,26M","0,00%"
"16/03/2023","4.050","4.040","4.060","3.980","79,97M","1,00%"
"15/03/2023","4.010","4.050","4.060","3.990","52,00M","-0,25%"
"14/03/2023","4.020","4.030","4.090","4.000","111,57M","-1,23%"
"13/03/2023","4.070","4.020","4.090","3.980","104,66M","1,50%"
"10/03/2023","4.010","3.960","4.020","3.930","77,75M","1,01%"
"09/03/2023","3.970","3.970","4.000","3.960","68,73M","0,76%"
"08/03/2023","3.940","3.850","3.940","3.850","61,32M","1,55%"
"07/03/2023","3.880","3.890","3.910","3.850","48,55M","0,00%"
"06/03/2023","3.880","3.940","3.950","3.870","50,31M","-0,51%"
"03/03/2023","3.900","3.880","3.920","3.870","49,80M","0,52%"
"02/03/2023","3.880","3.900","3.930","3.880","43,30M","-1,27%"
"01/03/2023","3.930","3.930","3.990","3.910","47,40M","1,29%"
"28/02/2023","3.880","3.930","3.970","3.880","115,77M","-2,02%"
"27/02/2023","3.960","3.990","4.000","3.920","57,65M","-1,98%"
"24/02/2023","4.040","4.000","4.040","3.950","164,92M","1,76%"
"23/02/2023","3.970","3.950","3.970","3.890","109,84M","2,85%"
"22/02/2023","3.860","3.850","3.870","3.800","57,52M","0,52%"
"21/02/2023","3.840","3.850","3.870","3.830","63,88M","0,52%"
"20/02/2023","3.820","3.760","3.820","3.760","57,45M","1,60%"
"17/02/2023","3.760","3.770","3.770","3.720","42,10M","-0,27%"
"16/02/2023","3.770","3.800","3.800","3.750","49,88M","-0,53%"
"15/02/2023","3.790","3.810","3.820","3.730","77,03M","-0,26%"
"14/02/2023","3.800","3.830","3.830","3.760","67,05M","0,26%"
"13/02/2023","3.790","3.800","3.810","3.750","55,67M","-0,26%"
"10/02/2023","3.800","3.750","3.800","3.690","88,76M","0,80%"
"09/02/2023","3.770","3.840","3.840","3.760","78,18M","-1,82%"
"08/02/2023","3.840","3.800","3.850","3.790","65,86M","1,05%"
"07/02/2023","3.800","3.880","3.880","3.800","76,25M","-2,06%"
"06/02/2023","3.880","3.860","3.910","3.850","58,86M","0,00%"
"03/02/2023","3.880","3.910","3.920","3.870","55,17M","-0,26%"
"02/02/2023","3.890","3.850","3.900","3.840","65,40M","0,52%"
"01/02/2023","3.870","3.850","3.900","3.840","71,00M","0,52%"
"31/01/2023","3.850","3.940","3.950","3.850","129,23M","-2,78%"
"30/01/2023","3.960","3.960","3.970","3.910","85,28M","0,00%"
"27/01/2023","3.960","3.970","3.990","3.950","85,51M","-0,25%"
"26/01/2023","3.970","3.850","4.000","3.850","117,24M","3,39%"
"25/01/2023","3.840","3.850","3.880","3.810","70,26M","-0,26%"
"24/01/2023","3.850","3.890","3.910","3.850","37,50M","-0,52%"
"20/01/2023","3.870","3.910","3.920","3.850","76,52M","-0,51%"
"19/01/2023","3.890","3.900","3.980","3.880","94,02M","-1,02%"
"18/01/2023","3.930","4.010","4.010","3.900","94,77M","-0,51%"
"17/01/2023","3.950","3.870","3.990","3.860","132,26M","2,60%"
"16/01/2023","3.850","3.780","3.850","3.780","46,69M","1,85%"
"13/01/2023","3.780","3.820","3.860","3.770","85,82M","-2,07%"
"12/01/2023","3.860","3.790","3.900","3.780","93,39M","-0,26%"
"11/01/2023","3.870","3.820","3.900","3.790","93,91M","1,04%"
"10/01/2023","3.830","3.810","3.850","3.750","65,26M","1,06%"
"09/01/2023","3.790","3.730","3.790","3.730","46,62M","2,16%"
"06/01/2023","3.710","3.750","3.770","3.710","65,21M","-1,59%"
"05/01/2023","3.770","3.800","3.820","3.720","135,17M","-1,31%"
"04/01/2023","3.820","3.840","3.860","3.810","56,94M","-1,04%"
"03/01/2023","3.860","3.790","3.890","3.770","64,30M","1,58%"
"02/01/2023","3.800","3.750","3.800","3.750","10,52M","1,33%"
"30/12/2022","3.750","3.760","3.800","3.750","79,68M","-0,79%"
"29/12/2022","3.780","3.720","3.790","3.710","51,70M","1,34%"
"28/12/2022","3.730","3.800","3.810","3.710","74,36M","-2,10%"
"27/12/2022","3.810","3.770","3.840","3.750","52,32M","1,60%"
"26/12/2022","3.750","3.780","3.800","3.730","19,32M","-0,79%"
"23/12/2022","3.780","3.710","3.780","3.700","45,18M","0,80%"
"22/12/2022","3.750","3.800","3.810","3.740","58,09M","-1,06%"
"21/12/2022","3.790","3.690","3.790","3.670","98,75M","1,88%"
"20/12/2022","3.720","3.730","3.750","3.700","55,58M","0,00%"
"19/12/2022","3.720","3.740","3.790","3.680","104,42M","1,09%"
"16/12/2022","3.680","3.610","3.740","3.610","212,67M","0,27%"
"15/12/2022","3.670","3.680","3.720","3.670","118,16M","-2,13%"
"14/12/2022","3.750","3.820","3.820","3.740","107,19M","0,00%"
"13/12/2022","3.750","3.690","3.790","3.680","202,14M","1,35%"
"12/12/2022","3.700","3.670","3.710","3.640","151,15M","1,37%"
"09/12/2022","3.650","3.680","3.720","3.630","146,97M","-2,41%"
"08/12/2022","3.740","3.700","3.780","3.620","224,43M","1,63%"
"07/12/2022","3.680","3.600","3.700","3.570","245,92M","2,22%"
"06/12/2022","3.600","3.640","3.720","3.580","416,63M","-6,25%"
"05/12/2022","3.840","3.980","3.990","3.820","171,69M","-4,00%"
"02/12/2022","4.000","3.950","4.020","3.930","113,76M","1,01%"
"01/12/2022","3.960","4.020","4.040","3.960","202,05M","-1,98%"
"30/11/2022","4.040","3.970","4.050","3.970","358,99M","1,51%"
"29/11/2022","3.980","3.980","4.020","3.980","80,35M","0,00%"
"28/11/2022","3.980","4.030","4.040","3.980","74,31M","-1,24%"
"25/11/2022","4.030","4.010","4.040","3.980","58,17M","0,00%"
"24/11/2022","4.030","3.980","4.040","3.980","62,55M","1,51%"
"23/11/2022","3.970","3.990","4.030","3.970","99,30M","-0,75%"
"22/11/2022","4.000","4.020","4.040","4.000","83,89M","-0,74%"
"21/11/2022","4.030","4.020","4.060","4.010","54,67M","0,50%"
"18/11/2022","4.010","4.070","4.080","4.010","115,96M","-0,74%"
"17/11/2022","4.040","4.020","4.070","4.020","68,65M","-0,25%"
"16/11/2022","4.050","4.000","4.070","3.960","149,58M","0,00%"
"15/11/2022","4.050","4.050","4.080","4.030","76,95M","0,00%"
"14/11/2022","4.050","4.090","4.120","4.030","205,45M","-2,41%"
"11/11/2022","4.150","4.160","4.180","4.140","227,80M","-0,48%"
"10/11/2022","4.170","4.110","4.210","4.110","68,17M","-0,48%"
"09/11/2022","4.190","4.200","4.230","4.180","109,22M","-0,71%"
"08/11/2022","4.220","4.270","4.280","4.200","110,58M","-1,40%"
"07/11/2022","4.280","4.250","4.280","4.160","105,54M","1,66%"
"04/11/2022","4.210","4.070","4.210","4.070","167,15M","1,94%"
"03/11/2022","4.130","4.140","4.170","4.050","214,87M","-2,13%"
"02/11/2022","4.220","4.400","4.420","4.220","187,79M","-4,52%"
"01/11/2022","4.420","4.420","4.420","4.360","93,21M","0,68%"
"31/10/2022","4.390","4.460","4.460","4.360","128,44M","-1,35%"
"28/10/2022","4.450","4.420","4.450","4.380","68,63M","1,83%"
"27/10/2022","4.370","4.390","4.410","4.340","80,28M","0,00%"
"26/10/2022","4.370","4.420","4.430","4.330","84,66M","-0,46%"
"25/10/2022","4.390","4.430","4.470","4.390","109,23M","-0,45%"
"24/10/2022","4.410","4.380","4.450","4.380","76,78M","1,15%"
"21/10/2022","4.360","4.300","4.390","4.300","79,83M","0,23%"
"20/10/2022","4.350","4.200","4.350","4.200","165,39M","3,57%"
"19/10/2022","4.200","4.220","4.300","4.200","65,85M","-1,18%"
"18/10/2022","4.250","4.310","4.340","4.250","72,52M","-1,85%"
"17/10/2022","4.330","4.200","4.330","4.200","90,32M","0,93%"
"14/10/2022","4.290","4.360","4.360","4.290","68,46M","-0,23%"
"13/10/2022","4.300","4.330","4.350","4.290","70,03M","-0,92%"
"12/10/2022","4.340","4.300","4.350","4.280","107,94M","0,70%"
"11/10/2022","4.310","4.360","4.380","4.310","108,79M","-2,49%"
"10/10/2022","4.420","4.340","4.420","4.330","72,39M","1,61%"
"07/10/2022","4.350","4.400","4.430","4.350","102,57M","-1,81%"
"06/10/2022","4.430","4.460","4.480","4.420","60,46M","-0,67%"
"05/10/2022","4.460","4.490","4.540","4.460","61,89M","0,45%"
"04/10/2022","4.440","4.460","4.510","4.430","87,83M","-0,45%"
"03/10/2022","4.460","4.460","4.470","4.380","77,57M","0,00%"
"30/09/2022","4.460","4.400","4.500","4.390","111,48M","0,45%"
"29/09/2022","4.440","4.460","4.500","4.420","90,29M","-0,67%"
"28/09/2022","4.470","4.430","4.530","4.400","104,39M","0,68%"
"27/09/2022","4.440","4.450","4.470","4.380","123,11M","-0,45%"
"26/09/2022","4.460","4.390","4.510","4.300","132,19M","1,83%"
"23/09/2022","4.380","4.400","4.430","4.380","95,91M","-1,13%"
"22/09/2022","4.430","4.400","4.450","4.380","89,92M","0,00%"
"21/09/2022","4.430","4.450","4.470","4.410","91,36M","-1,12%"
"20/09/2022","4.480","4.530","4.540","4.480","100,74M","-0,44%"
"19/09/2022","4.500","4.460","4.560","4.440","116,16M","2,04%"
"16/09/2022","4.410","4.500","4.500","4.410","210,28M","-2,00%"
"15/09/2022","4.500","4.540","4.600","4.500","125,60M","0,45%"
"14/09/2022","4.480","4.490","4.530","4.460","97,92M","-0,88%"
"13/09/2022","4.520","4.540","4.560","4.520","91,51M","-0,44%"
"12/09/2022","4.540","4.600","4.600","4.530","74,82M","-1,30%"
"09/09/2022","4.600","4.550","4.600","4.530","50,31M","0,88%"
"08/09/2022","4.560","4.500","4.640","4.500","123,39M","1,56%"
"07/09/2022","4.490","4.500","4.560","4.480","93,49M","-0,44%"
"06/09/2022","4.510","4.610","4.620","4.510","62,11M","-2,38%"
"05/09/2022","4.620","4.560","4.630","4.550","77,32M","0,43%"
"02/09/2022","4.600","4.540","4.620","4.540","90,59M","0,44%"
"01/09/2022","4.580","4.560","4.650","4.530","120,93M","0,44%"
"31/08/2022","4.560","4.420","4.600","4.420","175,30M","1,79%"
"30/08/2022","4.480","4.580","4.620","4.480","102,48M","-0,88%"
"29/08/2022","4.520","4.370","4.550","4.360","112,72M","0,67%"
"26/08/2022","4.490","4.510","4.540","4.480","184,32M","-1,75%"
"25/08/2022","4.570","4.680","4.700","4.560","179,50M","-3,79%"
"24/08/2022","4.750","4.660","4.770","4.600","189,01M","1,93%"
"23/08/2022","4.660","4.680","4.710","4.610","229,43M","0,22%"
"22/08/2022","4.650","4.550","4.660","4.530","202,32M","1,09%"
"19/08/2022","4.600","4.560","4.610","4.460","177,62M","1,10%"
"18/08/2022","4.550","4.360","4.550","4.350","182,04M","3,17%"
"16/08/2022","4.410","4.530","4.580","4.410","127,71M","-0,90%"
"15/08/2022","4.450","4.540","4.570","4.440","136,88M","-2,20%"
"12/08/2022","4.550","4.570","4.600","4.530","124,63M","-0,44%"
"11/08/2022","4.570","4.550","4.610","4.520","123,63M","0,22%"
"10/08/2022","4.560","4.530","4.590","4.490","162,06M","-1,72%"
"09/08/2022","4.640","4.700","4.700","4.630","164,45M","-1,28%"
"08/08/2022","4.700","4.700","4.700","4.650","191,02M","1,08%"
"05/08/2022","4.650","4.590","4.650","4.530","268,97M","2,20%"
"04/08/2022","4.550","4.450","4.550","4.450","159,42M","1,11%"
"03/08/2022","4.500","4.450","4.590","4.410","252,37M","1,12%"
"02/08/2022","4.450","4.350","4.450","4.250","112,24M","3,49%"
"01/08/2022","4.300","4.230","4.300","4.230","104,72M","1,65%"
"29/07/2022","4.230","4.280","4.300","4.210","108,82M","-0,24%"
"28/07/2022","4.240","4.310","4.320","4.190","110,77M","-1,40%"
"27/07/2022","4.300","4.230","4.300","4.210","60,67M","1,18%"
"26/07/2022","4.250","4.240","4.250","4.190","49,79M","0,24%"
"25/07/2022","4.240","4.240","4.260","4.220","37,22M","0,24%"
"22/07/2022","4.230","4.240","4.240","4.190","59,79M","-0,70%"
"21/07/2022","4.260","4.210","4.260","4.180","107,23M","1,19%"
"20/07/2022","4.210","4.140","4.220","4.140","82,34M","1,20%"
"19/07/2022","4.160","4.190","4.190","4.130","91,37M","-0,72%"
"18/07/2022","4.190","4.110","4.190","4.070","84,01M","0,96%"
"15/07/2022","4.150","4.040","4.210","4.010","146,09M","3,23%"
"14/07/2022","4.020","3.940","4.020","3.900","68,71M","2,03%"
"13/07/2022","3.940","4.010","4.030","3.930","96,22M","-1,75%"
"12/07/2022","4.010","4.060","4.060","4.010","43,40M","-0,74%"
"11/07/2022","4.040","4.100","4.100","4.000","42,26M","0,75%"
"08/07/2022","4.010","4.050","4.060","4.000","64,05M","-0,74%"
"07/07/2022","4.040","4.040","4.050","4.010","42,39M","0,50%"
"06/07/2022","4.020","4.050","4.050","3.970","62,68M","0,75%"
"05/07/2022","3.990","4.010","4.070","3.950","72,33M","0,00%"
"04/07/2022","3.990","4.020","4.040","3.840","115,89M","-0,75%"
"01/07/2022","4.020","4.010","4.040","4.000","39,57M","0,50%"
"30/06/2022","4.000","4.110","4.110","4.000","116,72M","-0,99%"
"29/06/2022","4.040","4.000","4.080","4.000","56,88M","0,25%"
"28/06/2022","4.030","4.010","4.050","4.000","112,51M","-0,98%"
"27/06/2022","4.070","4.110","4.120","4.040","71,60M","-1,93%"
"24/06/2022","4.150","4.230","4.230","4.100","81,05M","-0,24%"
"23/06/2022","4.160","4.030","4.160","4.030","101,07M","2,72%"
"22/06/2022","4.050","4.090","4.090","4.040","60,91M","-1,46%"
"21/06/2022","4.110","4.060","4.120","4.030","77,49M","1,73%"
"20/06/2022","4.040","4.050","4.060","4.000","82,10M","-1,94%"
"17/06/2022","4.120","4.010","4.120","3.980","169,38M","1,98%"
"16/06/2022","4.040","4.120","4.120","4.030","96,04M","-0,49%"
"15/06/2022","4.060","4.060","4.080","4.030","94,85M","-1,22%"
"14/06/2022","4.110","4.050","4.120","4.020","117,33M","0,74%"
"13/06/2022","4.080","3.950","4.100","3.930","156,05M","1,49%"
"10/06/2022","4.020","4.040","4.080","4.000","189,19M","-0,74%"
"09/06/2022","4.050","4.080","4.130","4.050","148,58M","-1,22%"
"08/06/2022","4.100","4.150","4.170","4.080","202,56M","-3,53%"
"07/06/2022","4.250","4.340","4.340","4.250","142,50M","-2,07%"
"06/06/2022","4.340","4.310","4.340","4.270","79,32M","0,70%"
"03/06/2022","4.310","4.310","4.390","4.300","108,85M","0,47%"
"02/06/2022","4.290","4.390","4.390","4.270","164,48M","-0,46%"
"31/05/2022","4.310","4.270","4.330","4.230","469,62M","1,41%"
"30/05/2022","4.250","4.340","4.340","4.200","107,61M","-1,16%"
"27/05/2022","4.300","4.260","4.300","4.210","186,51M","2,38%"
"25/05/2022","4.200","4.200","4.210","4.150","166,60M","1,20%"
"24/05/2022","4.150","4.120","4.200","4.120","151,69M","0,97%"
"23/05/2022","4.110","4.160","4.180","4.070","196,57M","-1,44%"
"20/05/2022","4.170","4.220","4.230","4.170","141,70M","-0,95%"
"19/05/2022","4.210","4.180","4.230","4.150","112,68M","-0,94%"
"18/05/2022","4.250","4.230","4.290","4.190","185,36M","1,67%"
"17/05/2022","4.180","4.250","4.290","4.180","170,88M","-1,88%"
"13/05/2022","4.260","4.250","4.350","4.230","190,89M","-0,93%"
"12/05/2022","4.300","4.340","4.390","4.250","233,52M","-0,69%"
"11/05/2022","4.330","4.400","4.480","4.330","154,46M","-0,23%"
"10/05/2022","4.340","4.120","4.380","4.120","281,39M","0,70%"
"09/05/2022","4.310","4.560","4.560","4.300","343,68M","-6,71%"
"28/04/2022","4.620","4.850","4.850","4.620","198,48M","-3,14%"
"27/04/2022","4.770","4.720","4.790","4.720","136,49M","0,21%"
"26/04/2022","4.760","4.680","4.760","4.670","85,95M","1,06%"
"25/04/2022","4.710","4.610","4.720","4.580","92,05M","1,95%"
"22/04/2022","4.620","4.620","4.680","4.580","101,30M","0,00%"
"21/04/2022","4.620","4.620","4.670","4.600","97,58M","-0,22%"
"20/04/2022","4.630","4.680","4.690","4.620","88,36M","-1,07%"
"19/04/2022","4.680","4.740","4.750","4.680","92,27M","-0,64%"
"18/04/2022","4.710","4.720","4.730","4.690","120,78M","0,64%"
"14/04/2022","4.680","4.700","4.730","4.660","112,74M","-0,21%"
"13/04/2022","4.690","4.700","4.720","4.650","196,86M","1,30%"
"12/04/2022","4.630","4.620","4.630","4.580","187,95M","0,87%"
"11/04/2022","4.590","4.610","4.610","4.550","90,52M","0,22%"
"08/04/2022","4.580","4.580","4.610","4.560","161,97M","0,88%"
"07/04/2022","4.540","4.450","4.540","4.440","143,92M","2,48%"
"06/04/2022","4.430","4.490","4.500","4.420","108,37M","-1,99%"
"05/04/2022","4.520","4.550","4.550","4.500","52,17M","-0,44%"
"04/04/2022","4.540","4.560","4.570","4.490","103,48M","-0,87%"
"01/04/2022","4.580","4.550","4.580","4.530","86,59M","0,00%"
"31/03/2022","4.580","4.620","4.640","4.560","108,11M","0,00%"
"30/03/2022","4.580","4.620","4.620","4.560","118,75M","0,44%"
"29/03/2022","4.560","4.600","4.620","4.560","77,92M","-0,87%"
"28/03/2022","4.600","4.510","4.600","4.500","184,13M","1,77%"
"25/03/2022","4.520","4.510","4.540","4.480","90,05M","-0,88%"
"24/03/2022","4.560","4.500","4.570","4.500","89,58M","0,22%"
"23/03/2022","4.550","4.550","4.570","4.500","78,30M","0,00%"
"22/03/2022","4.550","4.550","4.580","4.540","98,70M","0,00%"
"21/03/2022","4.550","4.550","4.570","4.520","79,69M","0,22%"
"18/03/2022","4.540","4.490","4.540","4.470","210,27M","1,34%"
"17/03/2022","4.480","4.550","4.580","4.450","246,30M","-3,24%"
"16/03/2022","4.630","4.660","4.660","4.550","109,96M","0,22%"
"15/03/2022","4.620","4.630","4.630","4.570","231,08M","0,87%"
"14/03/2022","4.580","4.650","4.670","4.540","166,57M","-0,22%"
"11/03/2022","4.590","4.410","4.590","4.400","143,45M","4,08%"
"10/03/2022","4.410","4.500","4.500","4.380","130,83M","-0,68%"
"09/03/2022","4.440","4.550","4.620","4.420","145,15M","-3,90%"
"08/03/2022","4.620","4.600","4.700","4.540","234,09M","2,44%"
"07/03/2022","4.510","4.400","4.530","4.370","177,36M","2,50%"
"04/03/2022","4.400","4.440","4.440","4.300","155,37M","2,56%"
"02/03/2022","4.290","4.400","4.400","4.270","152,17M","-1,38%"
"01/03/2022","4.350","4.640","4.650","4.350","206,42M","0,23%"
"25/02/2022","4.340","4.240","4.350","4.240","208,76M","2,36%"
"24/02/2022","4.240","4.280","4.320","4.200","126,16M","-2,53%"
"23/02/2022","4.350","4.280","4.370","4.270","110,56M","1,16%"
"22/02/2022","4.300","4.320","4.360","4.250","106,99M","-1,60%"
"21/02/2022","4.370","4.370","4.420","4.340","58,88M","-0,68%"
"18/02/2022","4.400","4.420","4.440","4.370","71,11M","-0,23%"
"17/02/2022","4.410","4.400","4.440","4.360","72,97M","0,23%"
"16/02/2022","4.400","4.420","4.460","4.380","90,12M","-0,23%"
"15/02/2022","4.410","4.400","4.440","4.360","75,31M","0,23%"
"14/02/2022","4.400","4.380","4.400","4.310","104,90M","-1,12%"
"11/02/2022","4.450","4.500","4.550","4.410","130,08M","-0,22%"
"10/02/2022","4.460","4.400","4.470","4.340","233,98M","4,21%"
"09/02/2022","4.280","4.280","4.280","4.210","95,38M","1,18%"
"08/02/2022","4.230","4.280","4.280","4.230","71,21M","-1,40%"
"07/02/2022","4.290","4.230","4.290","4.210","90,29M","1,42%"
"04/02/2022","4.230","4.260","4.260","4.180","98,73M","0,71%"
"03/02/2022","4.200","4.200","4.210","4.160","58,21M","0,72%"
"02/02/2022","4.170","4.170","4.200","4.150","144,01M","-0,48%"
"31/01/2022","4.190","4.210","4.250","4.190","88,74M","-1,64%"
"28/01/2022","4.260","4.260","4.300","4.230","61,69M","-0,23%"
"27/01/2022","4.270","4.400","4.400","4.260","98,61M","-2,73%"
"26/01/2022","4.390","4.380","4.390","4.290","127,64M","2,33%"
"25/01/2022","4.290","4.310","4.320","4.250","116,35M","-0,23%"
"24/01/2022","4.300","4.260","4.310","4.250","70,40M","-0,69%"
"21/01/2022","4.330","4.240","4.330","4.190","75,53M","2,61%"
"20/01/2022","4.220","4.300","4.300","4.190","100,01M","-0,71%"
"19/01/2022","4.250","4.260","4.260","4.230","88,71M","0,00%"
"18/01/2022","4.250","4.200","4.250","4.160","112,21M","1,67%"
"17/01/2022","4.180","4.200","4.200","4.140","39,82M","-0,24%"
"14/01/2022","4.190","4.140","4.190","4.130","28,19M","0,24%"
"13/01/2022","4.180","4.170","4.180","4.110","84,15M","1,70%"
"12/01/2022","4.110","4.110","4.140","4.070","45,13M","0,49%"
"11/01/2022","4.090","4.120","4.160","4.090","61,89M","-0,24%"
"10/01/2022","4.100","4.180","4.190","4.100","44,92M","-1,68%"
"07/01/2022","4.170","4.120","4.190","4.090","68,42M","1,21%"
"06/01/2022","4.120","4.090","4.120","4.030","89,20M","1,73%"
"05/01/2022","4.050","4.150","4.190","4.030","119,58M","-2,88%"
"04/01/2022","4.170","4.180","4.200","4.150","42,98M","-0,24%"
"03/01/2022","4.180","4.060","4.180","4.050","65,94M","3,47%"
"30/12/2021","4.040","4.130","4.130","4.040","50,58M","-0,98%"
"29/12/2021","4.080","4.100","4.130","4.080","25,60M","-0,24%"
"28/12/2021","4.090","4.080","4.130","4.050","39,44M","0,25%"
"27/12/2021","4.080","4.150","4.150","4.070","30,75M","-0,73%"
"24/12/2021","4.110","4.160","4.170","4.100","29,08M","-1,20%"
"23/12/2021","4.160","4.110","4.160","4.100","54,51M","1,22%"
"22/12/2021","4.110","4.160","4.170","4.110","50,57M","-1,20%"
"21/12/2021","4.160","4.110","4.190","4.100","98,04M","1,96%"
"20/12/2021","4.080","4.070","4.110","4.040","72,79M","-0,49%"
"17/12/2021","4.100","4.010","4.100","4.010","149,62M","0,00%"
"16/12/2021","4.100","4.110","4.150","4.060","98,16M","0,49%"
"15/12/2021","4.080","4.060","4.140","4.060","84,42M","-0,49%"
"14/12/2021","4.100","4.120","4.120","4.070","75,74M","0,49%"
"13/12/2021","4.080","4.150","4.150","4.080","65,53M","-1,69%"
"10/12/2021","4.150","4.070","4.150","4.070","90,73M","0,00%"
"09/12/2021","4.150","4.090","4.150","4.080","86,99M","1,47%"
"08/12/2021","4.090","4.100","4.120","4.010","113,85M","-1,45%"
"07/12/2021","4.150","4.180","4.200","4.120","121,54M","-0,48%"
"06/12/2021","4.170","4.060","4.250","4.050","106,76M","2,46%"
"03/12/2021","4.070","4.130","4.180","4.050","96,76M","-2,16%"
"02/12/2021","4.160","4.140","4.190","4.100","116,09M","1,96%"
"01/12/2021","4.080","4.040","4.150","4.020","200,70M","2,26%"
"30/11/2021","3.990","4.150","4.170","3.990","435,80M","-3,62%"
"29/11/2021","4.140","4.010","4.170","3.980","228,77M","3,24%"
"26/11/2021","4.010","4.040","4.050","3.970","231,87M","0,25%"
"25/11/2021","4.000","3.880","4.090","3.850","264,90M","5,26%"
"24/11/2021","3.800","3.840","3.840","3.790","67,30M","0,00%"
"23/11/2021","3.800","3.800","3.850","3.780","67,78M","0,00%"
"22/11/2021","3.800","3.920","3.930","3.780","206,68M","-2,56%"
"19/11/2021","3.900","3.660","3.920","3.660","310,62M","7,44%"
"18/11/2021","3.630","3.630","3.640","3.600","53,29M","0,00%"
"17/11/2021","3.630","3.690","3.690","3.600","82,02M","-1,09%"
"16/11/2021","3.670","3.590","3.680","3.590","99,59M","1,94%"
"15/11/2021","3.600","3.600","3.650","3.600","91,00M","0,00%"
"12/11/2021","3.600","3.660","3.660","3.600","115,14M","-1,37%"
"11/11/2021","3.650","3.700","3.730","3.640","95,79M","-1,35%"
"10/11/2021","3.700","3.670","3.720","3.670","53,51M","-0,27%"
"09/11/2021","3.710","3.730","3.740","3.680","92,43M","-1,07%"
"08/11/2021","3.750","3.780","3.780","3.710","58,76M","-0,53%"
"05/11/2021","3.770","3.760","3.770","3.710","43,13M","0,00%"
"04/11/2021","3.770","3.750","3.780","3.720","53,49M","1,34%"
"03/11/2021","3.720","3.620","3.740","3.620","48,81M","1,64%"
"02/11/2021","3.660","3.700","3.710","3.640","170,26M","-1,08%"
"01/11/2021","3.700","3.810","3.820","3.700","65,45M","-2,63%"
"29/10/2021","3.800","3.750","3.810","3.730","70,43M","1,33%"
"28/10/2021","3.750","3.820","3.820","3.710","61,15M","-1,06%"
"27/10/2021","3.790","3.820","3.830","3.770","52,21M","-0,26%"
"26/10/2021","3.800","3.800","3.830","3.780","58,62M","0,53%"
"25/10/2021","3.780","3.800","3.840","3.780","58,25M","-2,33%"
"22/10/2021","3.870","3.860","3.880","3.820","59,64M","0,52%"
"21/10/2021","3.850","3.780","3.880","3.760","169,66M","2,94%"
"19/10/2021","3.740","3.750","3.800","3.720","61,10M","-1,32%"
"18/10/2021","3.790","3.840","3.840","3.790","78,58M","-0,52%"
"15/10/2021","3.810","3.840","3.840","3.750","69,71M","-0,52%"
"14/10/2021","3.830","3.770","3.830","3.770","95,82M","1,59%"
"13/10/2021","3.770","3.750","3.820","3.750","87,14M","-0,26%"
"12/10/2021","3.780","3.780","3.840","3.770","69,87M","-0,79%"
"11/10/2021","3.810","3.800","3.850","3.770","78,87M","0,26%"
"08/10/2021","3.800","3.730","3.800","3.720","91,36M","2,15%"
"07/10/2021","3.720","3.720","3.740","3.690","56,84M","-1,06%"
"06/10/2021","3.760","3.690","3.770","3.650","153,54M","2,45%"
"05/10/2021","3.670","3.670","3.680","3.620","140,49M","0,00%"
"04/10/2021","3.670","3.620","3.670","3.600","82,21M","0,27%"
"01/10/2021","3.660","3.680","3.690","3.610","109,90M","-0,81%"
"30/09/2021","3.690","3.550","3.690","3.540","153,85M","4,53%"
"29/09/2021","3.530","3.490","3.540","3.490","53,17M","0,00%"
"28/09/2021","3.530","3.510","3.540","3.490","54,67M","0,28%"
"27/09/2021","3.520","3.530","3.560","3.480","87,30M","-1,12%"
"24/09/2021","3.560","3.560","3.580","3.540","72,22M","0,00%"
"23/09/2021","3.560","3.600","3.610","3.550","104,74M","-0,84%"
"22/09/2021","3.590","3.530","3.590","3.520","66,84M","1,70%"
"21/09/2021","3.530","3.500","3.560","3.480","95,85M","0,28%"
"20/09/2021","3.520","3.500","3.520","3.460","83,99M","-0,28%"
"17/09/2021","3.530","3.400","3.530","3.390","117,57M","2,62%"
"16/09/2021","3.440","3.470","3.470","3.400","58,32M","-0,29%"
"15/09/2021","3.450","3.430","3.450","3.410","73,16M","0,29%"
"14/09/2021","3.440","3.380","3.450","3.350","166,00M","2,69%"
"13/09/2021","3.350","3.310","3.350","3.300","45,55M","0,60%"
"10/09/2021","3.330","3.380","3.390","3.320","52,12M","-1,77%"
"09/09/2021","3.390","3.360","3.390","3.330","82,21M","1,80%"
"08/09/2021","3.330","3.400","3.400","3.310","80,64M","-1,48%"
"07/09/2021","3.380","3.410","3.410","3.360","42,62M","-0,29%"
"06/09/2021","3.390","3.410","3.410","3.380","52,64M","0,00%"
"03/09/2021","3.390","3.400","3.420","3.370","65,48M","0,59%"
"02/09/2021","3.370","3.350","3.390","3.350","51,63M","0,90%"
"01/09/2021","3.340","3.420","3.420","3.330","85,14M","-1,76%"
"31/08/2021","3.400","3.400","3.420","3.360","130,02M","0,00%"
"30/08/2021","3.400","3.330","3.400","3.330","64,18M","2,41%"
"27/08/2021","3.320","3.370","3.370","3.310","62,42M","-1,19%"
"26/08/2021","3.360","3.330","3.360","3.320","55,76M","-0,30%"
"25/08/2021","3.370","3.390","3.390","3.330","66,62M","-0,88%"
"24/08/2021","3.400","3.410","3.420","3.310","69,34M","-1,16%"
"23/08/2021","3.440","3.420","3.440","3.400","64,12M","1,18%"
"20/08/2021","3.400","3.390","3.430","3.370","113,41M","0,29%"
"19/08/2021","3.390","3.410","3.430","3.360","100,85M","-0,88%"
"18/08/2021","3.420","3.360","3.440","3.350","162,92M","2,40%"
"16/08/2021","3.340","3.300","3.340","3.290","38,66M","1,21%"
"13/08/2021","3.300","3.370","3.380","3.260","59,90M","-1,49%"
"12/08/2021","3.350","3.260","3.350","3.240","93,13M","3,72%"
"10/08/2021","3.230","3.240","3.270","3.190","57,66M","-0,62%"
"09/08/2021","3.250","3.260","3.300","3.220","70,30M","-2,11%"
"06/08/2021","3.320","3.360","3.380","3.310","31,66M","-0,60%"
"05/08/2021","3.340","3.360","3.400","3.320","89,74M","-0,89%"
"04/08/2021","3.370","3.330","3.370","3.310","63,11M","1,20%"
"03/08/2021","3.330","3.310","3.360","3.290","89,71M","0,60%"
"02/08/2021","3.310","3.240","3.310","3.210","60,37M","2,16%"
"30/07/2021","3.240","3.200","3.290","3.200","95,14M","0,31%"
"29/07/2021","3.230","3.210","3.290","3.200","126,54M","1,25%"
"28/07/2021","3.190","3.250","3.250","3.150","103,28M","-2,45%"
"27/07/2021","3.270","3.210","3.270","3.160","62,67M","2,51%"
"26/07/2021","3.190","3.140","3.200","3.140","55,53M","0,63%"
"23/07/2021","3.170","3.250","3.250","3.150","67,13M","-2,76%"
"22/07/2021","3.260","3.210","3.260","3.210","48,87M","1,56%"
"21/07/2021","3.210","3.190","3.240","3.180","115,10M","-0,31%"
"19/07/2021","3.220","3.160","3.230","3.150","116,22M","1,58%"
"16/07/2021","3.170","3.140","3.170","3.110","63,63M","1,28%"
"15/07/2021","3.130","3.110","3.140","3.080","88,09M","2,29%"
"14/07/2021","3.060","3.050","3.070","3.020","84,99M","-0,33%"
"13/07/2021","3.070","3.160","3.160","3.050","82,86M","-1,92%"
"12/07/2021","3.130","3.190","3.190","3.110","86,27M","-0,95%"
"09/07/2021","3.160","3.040","3.170","3.030","222,92M","4,98%"
"08/07/2021","3.010","3.060","3.060","3.000","132,58M","-0,66%"
"07/07/2021","3.030","3.030","3.070","3.010","110,22M","0,66%"
"06/07/2021","3.010","3.050","3.070","3.000","151,57M","-0,99%"
"05/07/2021","3.040","3.070","3.090","3.010","133,82M","-0,98%"
"02/07/2021","3.070","3.110","3.130","3.060","161,86M","-1,29%"
"01/07/2021","3.110","3.160","3.170","3.090","143,67M","-1,27%"
"30/06/2021","3.150","3.150","3.180","3.130","142,20M","-0,32%"
"29/06/2021","3.160","3.190","3.260","3.150","123,41M","-0,32%"
"28/06/2021","3.170","3.250","3.260","3.170","66,34M","-2,46%"
"25/06/2021","3.250","3.250","3.300","3.240","58,33M","0,00%"
"24/06/2021","3.250","3.330","3.360","3.240","101,33M","-3,56%"
"23/06/2021","3.370","3.310","3.420","3.310","81,90M","2,12%"
"22/06/2021","3.300","3.300","3.370","3.290","89,35M","0,00%"
"21/06/2021","3.300","3.280","3.340","3.260","74,25M","-1,49%"
"18/06/2021","3.350","3.350","3.400","3.290","168,41M","0,00%"
"17/06/2021","3.350","3.370","3.420","3.350","50,29M","-1,76%"
"16/06/2021","3.410","3.380","3.430","3.380","39,15M","-0,87%"
"15/06/2021","3.440","3.410","3.440","3.380","60,53M","0,88%"
"14/06/2021","3.410","3.460","3.470","3.400","46,02M","-1,73%"
"11/06/2021","3.470","3.490","3.500","3.420","82,34M","-0,29%"
"10/06/2021","3.480","3.350","3.500","3.340","137,71M","2,65%"
"09/06/2021","3.390","3.340","3.400","3.310","112,20M","-3,14%"
"08/06/2021","3.500","3.550","3.550","3.470","132,41M","-1,41%"
"07/06/2021","3.550","3.540","3.570","3.500","124,44M","1,43%"
"04/06/2021","3.500","3.490","3.510","3.450","70,62M","0,29%"
"03/06/2021","3.490","3.420","3.490","3.420","77,63M","1,16%"
"02/06/2021","3.450","3.490","3.500","3.420","108,93M","0,29%"
"31/05/2021","3.440","3.300","3.460","3.300","155,77M","5,20%"
"28/05/2021","3.270","3.380","3.400","3.260","87,44M","-3,25%"
"27/05/2021","3.380","3.350","3.400","3.330","233,55M","2,42%"
"25/05/2021","3.300","3.290","3.320","3.270","62,22M","1,23%"
"24/05/2021","3.260","3.290","3.330","3.220","64,35M","-0,31%"
"21/05/2021","3.270","3.340","3.350","3.270","104,10M","-1,21%"
"20/05/2021","3.310","3.190","3.320","3.180","197,43M","4,75%"
"19/05/2021","3.160","3.150","3.220","3.150","48,96M","-0,63%"
"18/05/2021","3.180","3.190","3.190","3.150","77,31M","-0,31%"
"17/05/2021","3.190","3.190","3.190","3.150","114,07M","0,31%"
"11/05/2021","3.180","3.170","3.200","3.150","94,28M","0,32%"
"10/05/2021","3.170","3.190","3.200","3.160","104,12M","-0,63%"
"07/05/2021","3.190","3.200","3.220","3.180","98,10M","0,00%"
"06/05/2021","3.190","3.200","3.200","3.150","91,96M","-0,31%"
"05/05/2021","3.200","3.210","3.210","3.180","76,48M","-0,31%"
"04/05/2021","3.210","3.180","3.210","3.170","60,18M","1,26%"
"03/05/2021","3.170","3.200","3.210","3.130","124,72M","-0,94%"
"30/04/2021","3.200","3.220","3.260","3.200","143,84M","0,00%"
"29/04/2021","3.200","3.150","3.210","3.140","111,79M","1,91%"
"28/04/2021","3.140","3.160","3.170","3.130","91,60M","-0,63%"
"27/04/2021","3.160","3.240","3.250","3.140","166,99M","-2,77%"
"26/04/2021","3.250","3.280","3.300","3.250","55,08M","-1,81%"
"23/04/2021","3.310","3.330","3.330","3.290","39,80M","-0,60%"
"22/04/2021","3.330","3.290","3.340","3.290","54,97M","1,52%"
"21/04/2021","3.280","3.290","3.330","3.280","47,17M","-1,20%"
"20/04/2021","3.320","3.330","3.350","3.300","55,70M","-0,60%"
"19/04/2021","3.340","3.330","3.360","3.330","44,90M","-0,60%"
"16/04/2021","3.360","3.370","3.370","3.320","52,52M","0,00%"
"15/04/2021","3.360","3.340","3.360","3.320","65,67M","0,60%"
"14/04/2021","3.340","3.360","3.360","3.320","52,59M","0,30%"
"13/04/2021","3.330","3.340","3.340","3.300","51,30M","0,60%"
"12/04/2021","3.310","3.340","3.390","3.300","79,00M","-1,49%"
"09/04/2021","3.360","3.390","3.390","3.360","56,86M","-0,88%"
"08/04/2021","3.390","3.380","3.400","3.380","59,08M","-0,29%"
"07/04/2021","3.400","3.410","3.430","3.380","84,75M","0,89%"
"06/04/2021","3.370","3.400","3.410","3.370","40,57M","-0,30%"
"05/04/2021","3.380","3.430","3.430","3.370","36,03M","-0,29%"
"01/04/2021","3.390","3.390","3.440","3.380","73,33M","-0,88%"
"31/03/2021","3.420","3.380","3.420","3.330","134,67M","1,18%"
"30/03/2021","3.380","3.420","3.430","3.360","66,49M","-0,88%"
"29/03/2021","3.410","3.470","3.490","3.400","72,21M","-2,29%"
"26/03/2021","3.490","3.410","3.500","3.390","106,81M","2,35%"
"25/03/2021","3.410","3.400","3.430","3.380","107,61M","1,19%"
"24/03/2021","3.370","3.320","3.390","3.320","67,17M","0,30%"
"23/03/2021","3.360","3.390","3.420","3.350","55,32M","-0,59%"
"22/03/2021","3.380","3.440","3.440","3.380","53,87M","-1,74%"
"19/03/2021","3.440","3.410","3.440","3.380","140,00M","-0,29%"
"18/03/2021","3.450","3.450","3.480","3.430","101,90M","1,77%"
"17/03/2021","3.390","3.410","3.430","3.370","61,70M","0,89%"
"16/03/2021","3.360","3.400","3.410","3.360","60,11M","-0,59%"
"15/03/2021","3.380","3.440","3.450","3.380","50,08M","-2,03%"
"12/03/2021","3.450","3.440","3.480","3.430","100,20M","1,47%"
"10/03/2021","3.400","3.340","3.420","3.310","91,63M","3,34%"
"09/03/2021","3.290","3.370","3.390","3.280","110,09M","-1,50%"
"08/03/2021","3.340","3.360","3.400","3.330","80,09M","0,60%"
"05/03/2021","3.320","3.340","3.370","3.320","128,55M","-1,19%"
"04/03/2021","3.360","3.420","3.430","3.350","142,32M","-2,33%"
"03/03/2021","3.440","3.480","3.480","3.420","82,61M","-0,58%"
"02/03/2021","3.460","3.490","3.500","3.440","169,06M","-0,86%"
"01/03/2021","3.490","3.490","3.510","3.470","91,51M","0,00%"
"26/02/2021","3.490","3.450","3.510","3.410","230,01M","0,00%"
"25/02/2021","3.490","3.510","3.570","3.450","226,83M","0,29%"
"24/02/2021","3.480","3.490","3.550","3.460","303,02M","0,29%"
"23/02/2021","3.470","3.200","3.480","3.200","354,97M","9,46%"
"22/02/2021","3.170","3.210","3.240","3.170","100,43M","-1,25%"
"19/02/2021","3.210","3.180","3.220","3.170","63,21M","0,94%"
"18/02/2021","3.180","3.190","3.270","3.180","151,20M","0,95%"
"17/02/2021","3.150","3.220","3.250","3.140","121,11M","-1,87%"
"16/02/2021","3.210","3.200","3.250","3.190","82,03M","-0,31%"
"15/02/2021","3.220","3.200","3.260","3.200","88,88M","0,94%"
"11/02/2021","3.190","3.220","3.230","3.170","79,94M","0,00%"
"10/02/2021","3.190","3.180","3.220","3.160","125,22M","-0,31%"
"09/02/2021","3.200","3.250","3.300","3.180","157,48M","-2,44%"
"08/02/2021","3.280","3.300","3.370","3.270","96,64M","-0,30%"
"05/02/2021","3.290","3.320","3.320","3.270","52,63M","0,00%"
"04/02/2021","3.290","3.270","3.330","3.260","80,32M","1,54%"
"03/02/2021","3.240","3.250","3.330","3.220","86,43M","-0,92%"
"02/02/2021","3.270","3.300","3.330","3.250","114,73M","1,24%"
"01/02/2021","3.230","3.130","3.250","3.040","133,93M","3,86%"
"29/01/2021","3.110","3.290","3.290","3.110","191,92M","-4,01%"
"28/01/2021","3.240","3.280","3.330","3.230","142,65M","-4,14%"
"27/01/2021","3.380","3.340","3.380","3.260","159,14M","3,68%"
"26/01/2021","3.260","3.360","3.390","3.260","111,41M","-3,26%"
"25/01/2021","3.370","3.370","3.410","3.310","118,13M","-0,59%"
"22/01/2021","3.390","3.420","3.440","3.360","165,02M","-2,59%"
"21/01/2021","3.480","3.500","3.520","3.460","81,80M","0,29%"
"20/01/2021","3.470","3.420","3.480","3.380","116,10M","1,76%"
"19/01/2021","3.410","3.470","3.490","3.370","144,10M","-1,16%"
"18/01/2021","3.450","3.480","3.520","3.430","138,91M","-0,86%"
"15/01/2021","3.480","3.510","3.540","3.450","133,30M","-0,57%"
"14/01/2021","3.500","3.480","3.590","3.470","187,45M","0,57%"
"13/01/2021","3.480","3.550","3.550","3.460","162,33M","-0,85%"
"12/01/2021","3.510","3.600","3.620","3.500","189,78M","-2,50%"
"11/01/2021","3.600","3.590","3.640","3.570","271,23M","0,84%"
"08/01/2021","3.570","3.450","3.620","3.440","492,64M","5,31%"
"07/01/2021","3.390","3.390","3.450","3.380","140,22M","0,59%"
"06/01/2021","3.370","3.470","3.490","3.330","177,88M","-2,88%"
"05/01/2021","3.470","3.480","3.480","3.420","157,80M","-0,57%"
"04/01/2021","3.490","3.320","3.500","3.310","165,34M","5,44%"